{
    "$schema": "https://schema.management.azure.com/schemas/2015-01-01/deploymentParameters.json#",
    "contentVersion": "1.0.0.0",
    "parameters": {
        "subscriptionId": {
            "value": "2a90894d-a662-4607-a44f-85080fff1965"
        },
        "name": {
            "value": "pratherea"
        },
        "location": {
            "value": "West US"
        },
        "hostingPlanName": {
            "value": "ASP-Personal-838c"
        },
        "serverFarmResourceGroup": {
            "value": "Personal"
        },
        "alwaysOn": {
            "value": false
        },
        "sku": {
            "value": "Free"
        },
        "skuCode": {
            "value": "F1"
        },
        "workerSize": {
            "value": "0"
        },
        "workerSizeId": {
            "value": "0"
        },
        "numberOfWorkers": {
            "value": "1"
        },
        "currentStack": {
            "value": "dotnet"
        },
        "phpVersion": {
            "value": "OFF"
        },
        "netFrameworkVersion": {
            "value": "v5.0"
        },
        "repoUrl": {
            "value": "https://github.com/Vectis99/PratherEAPersonalWebsite"
        },
        "branch": {
            "value": "main"
        }
    }
}